Frame,Z_coord_n1,na_res,Z_coord_na
6,-5.0401278,140,-23.359264
8,-4.8534765,140,-22.07049
9,-5.188901,140,-23.431515
10,-5.3534403,140,-19.48199
69,-6.250028,47,-21.462776
70,-6.3107367,47,-24.744534
158,-4.9094067,208,-20.741718
160,-3.9829514,208,-20.463692
161,-4.3978944,208,-20.0846
162,-4.7491117,208,-18.547794
163,-4.4493985,208,-21.109716
292,-8.586591,257,-26.685966
293,-8.954921,257,-24.18587
294,-9.763214,257,-24.135403
295,-9.997564,257,-26.072357
383,-9.7477455,187,-25.957428
