Frame,Z_coord_n1,na_res,Z_coord_na
12,-5.822148,121,-21.472202
162,-4.4369693,225,-17.120913
194,-4.7626863,115,16.099571
364,-4.2594023,149,-19.115303
365,-4.852449,149,-18.983656
366,-5.1679583,149,-19.822063
367,-5.314995,149,-20.568027
372,-5.21627,103,-17.33162
378,-4.8436837,103,-15.330193
380,-4.3779197,103,-16.87067
394,-4.132813,103,-17.734509
395,-4.563373,103,-18.463404
396,-4.8441424,103,-18.366709
